{
	"credit": "Made with Blockbench",
	"parent": "block/block",
	"ambientocclusion": false,
	"textures": {
		"0": "block/birch_fence_planks",
		"1": "block/birch_log",
		"2": "block/birch_log_top",
		"3": "block/birch_planks",
		"particle": "block/birch_fence_planks"
	},
	"elements": [
		{
			"name": "Center post",
			"from": [6, 0, -2],
			"to": [10, 16, 2],
			"rotation": {"angle": 0, "axis": "y", "origin": [8, 8, 0]},
			"faces": {
				"north": {"uv": [0, 0, 4, 16], "texture": "#1"},
				"east": {"uv": [12, 0, 16, 16], "texture": "#1"},
				"south": {"uv": [8, 0, 12, 16], "texture": "#1"},
				"west": {"uv": [4, 0, 8, 16], "texture": "#1"},
				"up": {"uv": [6, 6, 10, 10], "texture": "#2", "cullface": "up"},
				"down": {"uv": [6, 6, 10, 10], "texture": "#2", "cullface": "down"}
			}
		},
		{
			"name": "Center post",
			"from": [6, 0, 14],
			"to": [10, 16, 18],
			"rotation": {"angle": 0, "axis": "y", "origin": [8, 8, 16]},
			"faces": {
				"north": {"uv": [0, 0, 4, 16], "texture": "#1"},
				"east": {"uv": [12, 0, 16, 16], "texture": "#1"},
				"south": {"uv": [8, 0, 12, 16], "texture": "#1"},
				"west": {"uv": [4, 0, 8, 16], "texture": "#1"},
				"up": {"uv": [6, 6, 10, 10], "texture": "#2", "cullface": "up"},
				"down": {"uv": [6, 6, 10, 10], "texture": "#2", "cullface": "down"}
			}
		},
		{
			"name": "lower bar",
			"from": [7.5, 1, 8],
			"to": [8.5, 15, 9],
			"rotation": {"angle": 0, "axis": "y", "origin": [8, 8, 16]},
			"faces": {
				"north": {"uv": [2, 1, 3, 15], "texture": "#0"},
				"east": {"uv": [14, 1, 15, 15], "texture": "#0"},
				"south": {"uv": [2, 1, 3, 15], "texture": "#0"},
				"west": {"uv": [14, 1, 15, 15], "texture": "#0"},
				"up": {"uv": [2, 0, 3, 3], "texture": "#0"},
				"down": {"uv": [2, 0, 3, 3], "texture": "#0"}
			}
		},
		{
			"name": "lower bar",
			"from": [7.5, 1, 7],
			"to": [8.5, 15, 8],
			"faces": {
				"north": {"uv": [2, 1, 3, 15], "texture": "#0"},
				"east": {"uv": [14, 1, 15, 15], "texture": "#0"},
				"south": {"uv": [2, 1, 3, 15], "texture": "#0"},
				"west": {"uv": [14, 1, 15, 15], "texture": "#0"},
				"up": {"uv": [2, 0, 3, 3], "rotation": 180, "texture": "#0"},
				"down": {"uv": [2, 0, 3, 3], "rotation": 180, "texture": "#0"}
			}
		},
		{
			"name": "top bar",
			"from": [8.5, 10, 8],
			"to": [9.5, 13, 14],
			"rotation": {"angle": 0, "axis": "y", "origin": [8, 8, 16]},
			"faces": {
				"north": {"uv": [7, 1, 8, 4], "texture": "#3"},
				"east": {"uv": [2, 1, 8, 4], "texture": "#3"},
				"south": {"uv": [0, 0, 1, 3], "texture": "#3"},
				"west": {"uv": [2, 1, 8, 4], "texture": "#3"},
				"up": {"uv": [7, 0, 8, 6], "texture": "#3"},
				"down": {"uv": [7, 0, 8, 6], "texture": "#3"}
			}
		},
		{
			"name": "top bar",
			"from": [6.5, 10, 2],
			"to": [7.5, 13, 8],
			"faces": {
				"north": {"uv": [0, 0, 1, 3], "texture": "#3"},
				"east": {"uv": [2, 1, 8, 4], "texture": "#3"},
				"south": {"uv": [7, 1, 8, 4], "texture": "#3"},
				"west": {"uv": [2, 1, 8, 4], "texture": "#3"},
				"up": {"uv": [7, 0, 8, 6], "rotation": 180, "texture": "#3"},
				"down": {"uv": [7, 0, 8, 6], "rotation": 180, "texture": "#3"}
			}
		},
		{
			"name": "top bar",
			"from": [6.5, 10, 8],
			"to": [7.5, 13, 14],
			"rotation": {"angle": 0, "axis": "y", "origin": [8, 8, 16]},
			"faces": {
				"north": {"uv": [7, 1, 8, 4], "texture": "#3"},
				"east": {"uv": [2, 1, 8, 4], "texture": "#3"},
				"south": {"uv": [0, 0, 1, 3], "texture": "#3"},
				"west": {"uv": [2, 1, 8, 4], "texture": "#3"},
				"up": {"uv": [7, 0, 8, 6], "texture": "#3"},
				"down": {"uv": [7, 0, 8, 6], "texture": "#3"}
			}
		},
		{
			"name": "top bar",
			"from": [8.5, 10, 2],
			"to": [9.5, 13, 8],
			"faces": {
				"north": {"uv": [0, 0, 1, 3], "texture": "#3"},
				"east": {"uv": [2, 1, 8, 4], "texture": "#3"},
				"south": {"uv": [7, 1, 8, 4], "texture": "#3"},
				"west": {"uv": [2, 1, 8, 4], "texture": "#3"},
				"up": {"uv": [7, 0, 8, 6], "rotation": 180, "texture": "#3"},
				"down": {"uv": [7, 0, 8, 6], "rotation": 180, "texture": "#3"}
			}
		},
		{
			"name": "lower bar",
			"from": [8.5, 3, 8],
			"to": [9.5, 6, 14],
			"rotation": {"angle": 0, "axis": "y", "origin": [8, 8, 16]},
			"faces": {
				"north": {"uv": [7, 7, 8, 10], "texture": "#3"},
				"east": {"uv": [2, 7, 8, 10], "texture": "#3"},
				"south": {"uv": [0, 0, 1, 3], "texture": "#3"},
				"west": {"uv": [2, 7, 8, 10], "texture": "#3"},
				"up": {"uv": [7, 0, 8, 6], "texture": "#3"},
				"down": {"uv": [7, 0, 8, 6], "texture": "#3"}
			}
		},
		{
			"name": "lower bar",
			"from": [6.5, 3, 2],
			"to": [7.5, 6, 8],
			"faces": {
				"north": {"uv": [0, 0, 1, 3], "texture": "#3"},
				"east": {"uv": [2, 7, 8, 10], "texture": "#3"},
				"south": {"uv": [7, 7, 8, 10], "texture": "#3"},
				"west": {"uv": [2, 7, 8, 10], "texture": "#3"},
				"up": {"uv": [7, 0, 8, 6], "rotation": 180, "texture": "#3"},
				"down": {"uv": [7, 0, 8, 6], "rotation": 180, "texture": "#3"}
			}
		},
		{
			"name": "lower bar",
			"from": [6.5, 3, 8],
			"to": [7.5, 6, 14],
			"rotation": {"angle": 0, "axis": "y", "origin": [8, 8, 16]},
			"faces": {
				"north": {"uv": [7, 7, 8, 10], "texture": "#3"},
				"east": {"uv": [2, 7, 8, 10], "texture": "#3"},
				"south": {"uv": [0, 0, 1, 3], "texture": "#3"},
				"west": {"uv": [2, 7, 8, 10], "texture": "#3"},
				"up": {"uv": [7, 0, 8, 6], "texture": "#3"},
				"down": {"uv": [7, 0, 8, 6], "texture": "#3"}
			}
		},
		{
			"name": "lower bar",
			"from": [8.5, 3, 2],
			"to": [9.5, 6, 8],
			"faces": {
				"north": {"uv": [0, 0, 1, 3], "texture": "#3"},
				"east": {"uv": [2, 7, 8, 10], "texture": "#3"},
				"south": {"uv": [7, 7, 8, 10], "texture": "#3"},
				"west": {"uv": [2, 7, 8, 10], "texture": "#3"},
				"up": {"uv": [7, 0, 8, 6], "rotation": 180, "texture": "#3"},
				"down": {"uv": [7, 0, 8, 6], "rotation": 180, "texture": "#3"}
			}
		},
		{
			"name": "lower bar",
			"from": [7.5, 1, 10.5],
			"to": [8.5, 15, 12.5],
			"rotation": {"angle": 0, "axis": "y", "origin": [8, 8, 16]},
			"faces": {
				"north": {"uv": [2, 1, 3, 15], "texture": "#0"},
				"east": {"uv": [5, 1, 7, 15], "texture": "#0"},
				"south": {"uv": [2, 1, 3, 15], "texture": "#0"},
				"west": {"uv": [5, 1, 7, 15], "texture": "#0"},
				"up": {"uv": [2, 0, 3, 2], "texture": "#0"},
				"down": {"uv": [2, 0, 3, 2], "texture": "#0"}
			}
		},
		{
			"name": "lower bar",
			"from": [7.5, 1, 3.5],
			"to": [8.5, 15, 5.5],
			"faces": {
				"north": {"uv": [2, 1, 3, 15], "texture": "#0"},
				"east": {"uv": [5, 1, 7, 15], "texture": "#0"},
				"south": {"uv": [2, 1, 3, 15], "texture": "#0"},
				"west": {"uv": [5, 1, 7, 15], "texture": "#0"},
				"up": {"uv": [2, 0, 3, 2], "rotation": 180, "texture": "#0"},
				"down": {"uv": [2, 0, 3, 2], "rotation": 180, "texture": "#0"}
			}
		}
	],
	"display": {
		"gui": {
			"rotation": [30, 135, 0],
			"scale": [0.625, 0.625, 0.625]
		},
		"fixed": {
			"rotation": [0, 90, 0],
			"scale": [0.5, 0.5, 0.5]
		}
	}
}